{
  "clip_id": "clip_0002",
  "filename": "clip_0002.mp4",
  "start_time": 115.84,
  "end_time": 125.8,
  "duration": 9.959999999999994,
  "start_frame": 2896,
  "end_frame": 3145,
  "interaction_score": 0.09818477151599393,
  "high_score_frames": 40,
  "total_frames": 250
}