{
  "clip_id": "clip_0001",
  "filename": "clip_0001.mp4",
  "start_time": 112.52,
  "end_time": 122.48,
  "duration": 9.960000000000008,
  "start_frame": 2813,
  "end_frame": 3062,
  "interaction_score": 0.09950813144612541,
  "high_score_frames": 40,
  "total_frames": 250
}